Region,Season,Dwelling_Type,Average_Temp_C,Split_AC_hours_per_week,Radiant_Heater_hours_per_week,Water_Heater_hours_per_week,Insulation_Yes_Pct,Cooking_Gas_Pct,Cooking_Elec_Pct
Riyadh,Winter,Villa,17.6,19.4,45.8,115.5,43.1,80.6,19.4
Riyadh,Winter,Floor in Villa,17.6,19.4,45.8,115.5,43.1,85.0,14.7
Riyadh,Winter,Traditional House,17.6,19.4,45.8,115.5,43.1,95.5,4.5
Riyadh,Winter,Floor in Traditional,17.6,19.4,45.8,115.5,43.1,93.3,6.5
Riyadh,Winter,Apartment,17.6,19.4,45.8,115.5,43.1,90.4,9.5
Riyadh,Rest_of_Year,Villa,31.9,85.6,1.0,20.8,43.1,80.6,19.4
Riyadh,Rest_of_Year,Floor in Villa,31.9,85.6,1.0,20.8,43.1,85.0,14.7
Riyadh,Rest_of_Year,Traditional House,31.9,85.6,1.0,20.8,43.1,95.5,4.5
Riyadh,Rest_of_Year,Floor in Traditional,31.9,85.6,1.0,20.8,43.1,93.3,6.5
Riyadh,Rest_of_Year,Apartment,31.9,85.6,1.0,20.8,43.1,90.4,9.5
Makkah,Winter,Villa,24.1,54.0,16.8,69.8,47.3,86.4,13.6
Makkah,Winter,Floor in Villa,24.1,54.0,16.8,69.8,47.3,99.7,0.3
Makkah,Winter,Traditional House,24.1,54.0,16.8,69.8,47.3,99.8,0.0
Makkah,Winter,Floor in Traditional,24.1,54.0,16.8,69.8,47.3,93.2,6.8
Makkah,Winter,Apartment,24.1,54.0,16.8,69.8,47.3,90.1,9.9
Makkah,Rest_of_Year,Villa,32.2,85.9,1.4,35.3,47.3,86.4,13.6
Makkah,Rest_of_Year,Floor in Villa,32.2,85.9,1.4,35.3,47.3,99.7,0.3
Makkah,Rest_of_Year,Traditional House,32.2,85.9,1.4,35.3,47.3,99.8,0.0
Makkah,Rest_of_Year,Floor in Traditional,32.2,85.9,1.4,35.3,47.3,93.2,6.8
Makkah,Rest_of_Year,Apartment,32.2,85.9,1.4,35.3,47.3,90.1,9.9
Madinah,Winter,Villa,19.8,16.4,18.6,81.5,49.9,59.8,40.2
Madinah,Winter,Floor in Villa,19.8,16.4,18.6,81.5,49.9,92.3,7.7
Madinah,Winter,Traditional House,19.8,16.4,18.6,81.5,49.9,91.0,9.0
Madinah,Winter,Floor in Traditional,19.8,16.4,18.6,81.5,49.9,100.0,0.0
Madinah,Winter,Apartment,19.8,16.4,18.6,81.5,49.9,92.8,7.0
Madinah,Rest_of_Year,Villa,32.0,90.9,0.9,6.3,49.9,59.8,40.2
Madinah,Rest_of_Year,Floor in Villa,32.0,90.9,0.9,6.3,49.9,92.3,7.7
Madinah,Rest_of_Year,Traditional House,32.0,90.9,0.9,6.3,49.9,91.0,9.0
Madinah,Rest_of_Year,Floor in Traditional,32.0,90.9,0.9,6.3,49.9,100.0,0.0
Madinah,Rest_of_Year,Apartment,32.0,90.9,0.9,6.3,49.9,92.8,7.0
Qassim,Winter,Villa,16.2,7.2,36.6,129.0,54.7,95.8,4.2
Qassim,Winter,Floor in Villa,16.2,7.2,36.6,129.0,54.7,97.5,2.5
Qassim,Winter,Traditional House,16.2,7.2,36.6,129.0,54.7,99.0,1.0
Qassim,Winter,Floor in Traditional,16.2,7.2,36.6,129.0,54.7,100.0,0.0
Qassim,Winter,Apartment,16.2,7.2,36.6,129.0,54.7,97.3,2.7
Qassim,Rest_of_Year,Villa,31.1,89.1,0.9,6.3,54.7,95.8,4.2
Qassim,Rest_of_Year,Floor in Villa,31.1,89.1,0.9,6.3,54.7,97.5,2.5
Qassim,Rest_of_Year,Traditional House,31.1,89.1,0.9,6.3,54.7,99.0,1.0
Qassim,Rest_of_Year,Floor in Traditional,31.1,89.1,0.9,6.3,54.7,100.0,0.0
Qassim,Rest_of_Year,Apartment,31.1,89.1,0.9,6.3,54.7,97.3,2.7
Eastern Region,Winter,Villa,19.1,7.8,21.0,86.5,53.3,63.6,36.1
Eastern Region,Winter,Floor in Villa,19.1,7.8,21.0,86.5,53.3,56.7,43.3
Eastern Region,Winter,Traditional House,19.1,7.8,21.0,86.5,53.3,90.0,10.0
Eastern Region,Winter,Floor in Traditional,19.1,7.8,21.0,86.5,53.3,75.6,24.4
Eastern Region,Winter,Apartment,19.1,7.8,21.0,86.5,53.3,60.8,38.2
Eastern Region,Rest_of_Year,Villa,31.3,76.5,1.6,10.8,53.3,63.6,36.1
Eastern Region,Rest_of_Year,Floor in Villa,31.3,76.5,1.6,10.8,53.3,56.7,43.3
Eastern Region,Rest_of_Year,Traditional House,31.3,76.5,1.6,10.8,53.3,90.0,10.0
Eastern Region,Rest_of_Year,Floor in Traditional,31.3,76.5,1.6,10.8,53.3,75.6,24.4
Eastern Region,Rest_of_Year,Apartment,31.3,76.5,1.6,10.8,53.3,60.8,38.2
Aseer,Winter,Villa,13.4,21.1,31.1,142.3,29.3,86.8,13.2
Aseer,Winter,Floor in Villa,13.4,21.1,31.1,142.3,29.3,99.6,0.4
Aseer,Winter,Traditional House,13.4,21.1,31.1,142.3,29.3,99.8,0.1
Aseer,Winter,Floor in Traditional,13.4,21.1,31.1,142.3,29.3,99.4,0.6
Aseer,Winter,Apartment,13.4,21.1,31.1,142.3,29.3,88.7,11.3
Aseer,Rest_of_Year,Villa,19.4,55.3,4.0,57.6,29.3,86.8,13.2
Aseer,Rest_of_Year,Floor in Villa,19.4,55.3,4.0,57.6,29.3,99.6,0.4
Aseer,Rest_of_Year,Traditional House,19.4,55.3,4.0,57.6,29.3,99.8,0.1
Aseer,Rest_of_Year,Floor in Traditional,19.4,55.3,4.0,57.6,29.3,99.4,0.6
Aseer,Rest_of_Year,Apartment,19.4,55.3,4.0,57.6,29.3,88.7,11.3
Tabuk,Winter,Villa,13.9,5.1,28.7,127.9,41.5,92.3,7.7
Tabuk,Winter,Floor in Villa,13.9,5.1,28.7,127.9,41.5,92.7,7.3
Tabuk,Winter,Traditional House,13.9,5.1,28.7,127.9,41.5,93.7,6.3
Tabuk,Winter,Floor in Traditional,13.9,5.1,28.7,127.9,41.5,100.0,0.0
Tabuk,Winter,Apartment,13.9,5.1,28.7,127.9,41.5,89.1,10.8
Tabuk,Rest_of_Year,Villa,27.3,53.5,1.0,9.6,41.5,92.3,7.7
Tabuk,Rest_of_Year,Floor in Villa,27.3,53.5,1.0,9.6,41.5,92.7,7.3
Tabuk,Rest_of_Year,Traditional House,27.3,53.5,1.0,9.6,41.5,93.7,6.3
Tabuk,Rest_of_Year,Floor in Traditional,27.3,53.5,1.0,9.6,41.5,100.0,0.0
Tabuk,Rest_of_Year,Apartment,27.3,53.5,1.0,9.6,41.5,89.1,10.8
Hail,Winter,Villa,13.9,10.6,51.9,104.0,39.5,86.4,13.6
Hail,Winter,Floor in Villa,13.9,10.6,51.9,104.0,39.5,89.5,10.5
Hail,Winter,Traditional House,13.9,10.6,51.9,104.0,39.5,92.9,6.5
Hail,Winter,Floor in Traditional,13.9,10.6,51.9,104.0,39.5,96.7,3.3
Hail,Winter,Apartment,13.9,10.6,51.9,104.0,39.5,88.8,11.2
Hail,Rest_of_Year,Villa,28.3,82.1,0.7,6.9,39.5,86.4,13.6
Hail,Rest_of_Year,Floor in Villa,28.3,82.1,0.7,6.9,39.5,89.5,10.5
Hail,Rest_of_Year,Traditional House,28.3,82.1,0.7,6.9,39.5,92.9,6.5
Hail,Rest_of_Year,Floor in Traditional,28.3,82.1,0.7,6.9,39.5,96.7,3.3
Hail,Rest_of_Year,Apartment,28.3,82.1,0.7,6.9,39.5,88.8,11.2
Northern Borders,Winter,Villa,12.2,48.1,38.1,143.0,48.8,95.7,4.3
Northern Borders,Winter,Floor in Villa,12.2,48.1,38.1,143.0,48.8,92.8,7.2
Northern Borders,Winter,Traditional House,12.2,48.1,38.1,143.0,48.8,100.0,0.0
Northern Borders,Winter,Floor in Traditional,12.2,48.1,38.1,143.0,48.8,100.0,0.0
Northern Borders,Winter,Apartment,12.2,48.1,38.1,143.0,48.8,86.9,13.1
Northern Borders,Rest_of_Year,Villa,28.3,90.4,0.8,3.0,48.8,95.7,4.3
Northern Borders,Rest_of_Year,Floor in Villa,28.3,90.4,0.8,3.0,48.8,92.8,7.2
Northern Borders,Rest_of_Year,Traditional House,28.3,90.4,0.8,3.0,48.8,100.0,0.0
Northern Borders,Rest_of_Year,Floor in Traditional,28.3,90.4,0.8,3.0,48.8,100.0,0.0
Northern Borders,Rest_of_Year,Apartment,28.3,90.4,0.8,3.0,48.8,86.9,13.1
Jazan,Winter,Villa,26.8,56.2,32.4,76.3,37.6,95.2,4.8
Jazan,Winter,Floor in Villa,26.8,56.2,32.4,76.3,37.6,100.0,0.0
Jazan,Winter,Traditional House,26.8,56.2,32.4,76.3,37.6,99.4,0.6
Jazan,Winter,Floor in Traditional,26.8,56.2,32.4,76.3,37.6,100.0,0.0
Jazan,Winter,Apartment,26.8,56.2,32.4,76.3,37.6,98.2,1.8
Jazan,Rest_of_Year,Villa,31.4,81.0,0.5,8.8,37.6,95.2,4.8
Jazan,Rest_of_Year,Floor in Villa,31.4,81.0,0.5,8.8,37.6,100.0,0.0
Jazan,Rest_of_Year,Traditional House,31.4,81.0,0.5,8.8,37.6,99.4,0.6
Jazan,Rest_of_Year,Floor in Traditional,31.4,81.0,0.5,8.8,37.6,100.0,0.0
Jazan,Rest_of_Year,Apartment,31.4,81.0,0.5,8.8,37.6,98.2,1.8
Najran,Winter,Villa,19.6,38.4,29.1,98.2,58.9,95.3,4.7
Najran,Winter,Floor in Villa,19.6,38.4,29.1,98.2,58.9,88.5,11.5
Najran,Winter,Traditional House,19.6,38.4,29.1,98.2,58.9,100.0,0.0
Najran,Winter,Floor in Traditional,19.6,38.4,29.1,98.2,58.9,100.0,0.0
Najran,Winter,Apartment,19.6,38.4,29.1,98.2,58.9,98.2,1.8
Najran,Rest_of_Year,Villa,28.0,86.7,4.8,27.2,58.9,95.3,4.7
Najran,Rest_of_Year,Floor in Villa,28.0,86.7,4.8,27.2,58.9,88.5,11.5
Najran,Rest_of_Year,Traditional House,28.0,86.7,4.8,27.2,58.9,100.0,0.0
Najran,Rest_of_Year,Floor in Traditional,28.0,86.7,4.8,27.2,58.9,100.0,0.0
Najran,Rest_of_Year,Apartment,28.0,86.7,4.8,27.2,58.9,98.2,1.8
Al-Baha,Winter,Villa,13.0,25.4,39.3,115.2,40.1,90.7,9.3
Al-Baha,Winter,Floor in Villa,13.0,25.4,39.3,115.2,40.1,96.2,3.8
Al-Baha,Winter,Traditional House,13.0,25.4,39.3,115.2,40.1,95.0,3.3
Al-Baha,Winter,Floor in Traditional,13.0,25.4,39.3,115.2,40.1,100.0,0.0
Al-Baha,Winter,Apartment,13.0,25.4,39.3,115.2,40.1,84.5,15.4
Al-Baha,Rest_of_Year,Villa,20.4,63.0,4.7,72.6,40.1,90.7,9.3
Al-Baha,Rest_of_Year,Floor in Villa,20.4,63.0,4.7,72.6,40.1,96.2,3.8
Al-Baha,Rest_of_Year,Traditional House,20.4,63.0,4.7,72.6,40.1,95.0,3.3
Al-Baha,Rest_of_Year,Floor in Traditional,20.4,63.0,4.7,72.6,40.1,100.0,0.0
Al-Baha,Rest_of_Year,Apartment,20.4,63.0,4.7,72.6,40.1,84.5,15.4
Al-Jouf,Winter,Villa,13.0,22.4,45.2,111.5,35.7,95.8,4.2
Al-Jouf,Winter,Floor in Villa,13.0,22.4,45.2,111.5,35.7,95.2,4.8
Al-Jouf,Winter,Traditional House,13.0,22.4,45.2,111.5,35.7,90.9,9.1
Al-Jouf,Winter,Floor in Traditional,13.0,22.4,45.2,111.5,35.7,95.6,4.4
Al-Jouf,Winter,Apartment,13.0,22.4,45.2,111.5,35.7,95.6,4.4
Al-Jouf,Rest_of_Year,Villa,28.9,64.1,4.7,13.8,35.7,95.8,4.2
Al-Jouf,Rest_of_Year,Floor in Villa,28.9,64.1,4.7,13.8,35.7,95.2,4.8
Al-Jouf,Rest_of_Year,Traditional House,28.9,64.1,4.7,13.8,35.7,90.9,9.1
Al-Jouf,Rest_of_Year,Floor in Traditional,28.9,64.1,4.7,13.8,35.7,95.6,4.4
Al-Jouf,Rest_of_Year,Apartment,28.9,64.1,4.7,13.8,35.7,95.6,4.4
