Region,Year,Month,Avg_Temperature
Western,2000,1,23.1
Western,2000,2,23.1
Western,2000,3,24.3
Western,2000,4,27.9
Western,2000,5,29.5
Western,2000,6,30.1
Western,2000,7,31.8
Western,2000,8,31.2
Western,2000,9,30.5
Western,2000,10,28.8
Western,2000,11,25.7
Western,2000,12,24.1
Western,2001,1,22.6
Western,2001,2,23.2
Western,2001,3,26.3
Western,2001,4,27.7
Western,2001,5,29.7
Western,2001,6,30.7
Western,2001,7,32.0
Western,2001,8,32.2
Western,2001,9,31.1
Western,2001,10,29.6
Western,2001,11,27.3
Western,2001,12,25.6
Western,2002,1,21.8
Western,2002,2,24.5
Western,2002,3,25.6
Western,2002,4,27.0
Western,2002,5,28.2
Western,2002,6,30.4
Western,2002,7,31.7
Western,2002,8,32.1
Western,2002,9,31.1
Western,2002,10,30.0
Western,2002,11,28.1
Western,2002,12,24.4
Western,2003,1,23.7
Western,2003,2,23.4
Western,2003,3,24.0
Western,2003,4,27.5
Western,2003,5,31.0
Western,2003,6,31.1
Western,2003,7,31.7
Western,2003,8,32.3
Western,2003,9,31.3
Western,2003,10,30.1
Western,2003,11,27.3
Western,2003,12,25.3
Western,2004,1,23.4
Western,2004,2,23.4
Western,2004,3,25.4
Western,2004,4,27.9
Western,2004,5,29.8
Western,2004,6,30.6
Western,2004,7,31.7
Western,2004,8,31.3
Western,2004,9,30.7
Western,2004,10,29.6
Western,2004,11,27.9
Western,2004,12,24.6
Western,2005,1,22.5
Western,2005,2,23.8
Western,2005,3,25.2
Western,2005,4,28.2
Western,2005,5,29.1
Western,2005,6,30.6
Western,2005,7,31.8
Western,2005,8,32.6
Western,2005,9,31.3
Western,2005,10,29.7
Western,2005,11,27.3
Western,2005,12,25.9
Western,2006,1,24.5
Western,2006,2,24.6
Western,2006,3,25.1
Western,2006,4,27.0
Western,2006,5,29.8
Western,2006,6,30.8
Western,2006,7,31.9
Western,2006,8,32.2
Western,2006,9,31.2
Western,2006,10,29.8
Western,2006,11,27.4
Western,2006,12,24.1
Western,2007,1,23.1
Western,2007,2,23.6
Western,2007,3,24.7
Western,2007,4,27.1
Western,2007,5,30.5
Western,2007,6,30.5
Western,2007,7,32.2
Western,2007,8,32.1
Western,2007,9,30.6
Western,2007,10,29.3
Western,2007,11,27.7
Western,2007,12,25.6
Western,2008,1,22.8
Western,2008,2,23.8
Western,2008,3,25.7
Western,2008,4,28.1
Western,2008,5,29.2
Western,2008,6,30.2
Western,2008,7,31.9
Western,2008,8,31.8
Western,2008,9,31.4
Western,2008,10,29.5
Western,2008,11,27.1
Western,2008,12,25.5
Western,2009,1,24.2
Western,2009,2,25.0
Western,2009,3,24.9
Western,2009,4,27.3
Western,2009,5,29.3
Western,2009,6,31.0
Western,2009,7,31.9
Western,2009,8,32.2
Western,2009,9,30.7
Western,2009,10,29.8
Western,2009,11,27.3
Western,2009,12,24.8
Western,2010,1,24.8
Western,2010,2,24.5
Western,2010,3,26.2
Western,2010,4,28.4
Western,2010,5,29.5
Western,2010,6,31.4
Western,2010,7,32.0
Western,2010,8,32.7
Western,2010,9,31.2
Western,2010,10,30.4
Western,2010,11,28.4
Western,2010,12,25.4
Western,2011,1,23.0
Western,2011,2,24.1
Western,2011,3,24.9
Western,2011,4,27.2
Western,2011,5,29.0
Western,2011,6,30.2
Western,2011,7,31.9
Western,2011,8,31.8
Western,2011,9,31.0
Western,2011,10,29.3
Western,2011,11,26.0
Western,2011,12,24.8
Western,2012,1,22.7
Western,2012,2,24.3
Western,2012,3,24.4
Western,2012,4,27.5
Western,2012,5,30.1
Western,2012,6,31.7
Western,2012,7,32.3
Western,2012,8,32.2
Western,2012,9,31.0
Western,2012,10,29.6
Western,2012,11,27.5
Western,2012,12,25.1
Western,2013,1,23.8
Western,2013,2,24.9
Western,2013,3,26.6
Western,2013,4,27.4
Western,2013,5,30.2
Western,2013,6,31.5
Western,2013,7,31.5
Western,2013,8,31.7
Western,2013,9,31.2
Western,2013,10,29.4
Western,2013,11,27.7
Western,2013,12,24.7
Western,2014,1,23.9
Western,2014,2,24.4
Western,2014,3,25.9
Western,2014,4,28.7
Western,2014,5,29.6
Western,2014,6,31.0
Western,2014,7,32.0
Western,2014,8,32.2
Western,2014,9,30.8
Western,2014,10,29.4
Western,2014,11,26.7
Western,2014,12,25.9
Western,2015,1,23.1
Western,2015,2,24.5
Western,2015,3,26.4
Western,2015,4,26.8
Western,2015,5,30.3
Western,2015,6,30.5
Western,2015,7,31.8
Western,2015,8,32.4
Western,2015,9,31.8
Western,2015,10,30.7
Western,2015,11,27.7
Western,2015,12,24.4
Western,2016,1,23.0
Western,2016,2,24.3
Western,2016,3,26.7
Western,2016,4,28.7
Western,2016,5,30.6
Western,2016,6,31.5
Western,2016,7,32.4
Western,2016,8,32.1
Western,2016,9,31.3
Western,2016,10,29.6
Western,2016,11,28.0
Western,2016,12,25.6
Western,2017,1,23.9
Western,2017,2,23.5
Western,2017,3,24.9
Western,2017,4,28.4
Western,2017,5,30.7
Western,2017,6,30.2
Western,2017,7,32.6
Western,2017,8,32.3
Western,2017,9,31.1
Western,2017,10,29.2
Western,2017,11,27.5
Western,2017,12,25.9
Western,2018,1,23.5
Western,2018,2,25.0
Western,2018,3,26.6
Western,2018,4,27.9
Western,2018,5,30.8
Western,2018,6,31.3
Western,2018,7,32.3
Western,2018,8,32.5
Western,2018,9,31.4
Western,2018,10,30.0
Western,2018,11,26.2
Western,2018,12,25.0
Western,2019,1,24.2
Western,2019,2,24.1
Western,2019,3,24.2
Western,2019,4,26.9
Western,2019,5,31.0
Western,2019,6,32.4
Western,2019,7,32.1
Western,2019,8,32.4
Western,2019,9,31.1
Western,2019,10,30.3
Western,2019,11,28.2
Western,2019,12,25.2
Western,2020,1,22.0
Western,2020,2,23.0
Western,2020,3,24.1
Western,2020,4,26.4
Western,2020,5,29.6
Western,2020,6,30.4
Western,2020,7,31.8
Western,2020,8,32.4
Western,2020,9,32.1
Western,2020,10,30.5
Western,2020,11,27.6
Western,2020,12,25.5
Western,2021,1,24.6
Western,2021,2,24.0
Western,2021,3,26.1
Western,2021,4,27.8
Western,2021,5,30.1
Western,2021,6,31.1
Western,2021,7,32.1
Western,2021,8,32.8
Western,2021,9,31.1
Western,2021,10,29.3
Western,2021,11,27.4
Western,2021,12,25.4
Western,2022,1,22.5
Western,2022,2,23.1
Western,2022,3,24.8
Western,2022,4,28.6
Western,2022,5,29.7
Western,2022,6,30.8
Western,2022,7,32.1
Western,2022,8,32.6
Western,2022,9,31.3
Western,2022,10,29.5
Western,2022,11,28.2
Western,2022,12,25.3
Western,2023,1,23.8
Western,2023,2,23.6
Western,2023,3,25.4
Western,2023,4,28.2
Western,2023,5,29.6
Western,2023,6,32.0
Western,2023,7,32.8
Western,2023,8,33.0
Western,2023,9,32.4
Western,2023,10,30.4
Western,2023,11,28.6
Western,2023,12,26.1
Western,2024,1,24.5
Western,2024,2,23.6
Western,2024,3,26.2
Western,2024,4,28.2
Western,2024,5,29.6
Western,2024,6,32.1
Western,2024,7,33.7
Western,2024,8,33.5
Western,2024,9,32.1
Western,2024,10,30.4
Western,2024,11,27.7
Western,2024,12,26.0
Western,2025,1,24.9
Western,2025,2,24.5
Western,2025,3,26.5
Western,2025,4,28.6
Western,2025,5,30.0
Western,2025,6,31.5
Western,2025,7,34.0
Western,2025,8,33.8
Western,2025,9,32.2
Western,2025,10,30.1
Western,2025,11,28.5
Western,2025,12,25.4
Western,2026,1,24.1
Central,2000,1,13.3
Central,2000,2,16.0
Central,2000,3,19.6
Central,2000,4,29.2
Central,2000,5,32.9
Central,2000,6,33.7
Central,2000,7,36.7
Central,2000,8,36.6
Central,2000,9,31.5
Central,2000,10,27.3
Central,2000,11,18.6
Central,2000,12,15.3
Central,2001,1,12.2
Central,2001,2,15.4
Central,2001,3,21.8
Central,2001,4,27.4
Central,2001,5,32.2
Central,2001,6,33.6
Central,2001,7,35.8
Central,2001,8,36.2
Central,2001,9,32.9
Central,2001,10,27.3
Central,2001,11,19.7
Central,2001,12,18.5
Central,2002,1,13.0
Central,2002,2,16.2
Central,2002,3,20.4
Central,2002,4,26.2
Central,2002,5,32.9
Central,2002,6,34.4
Central,2002,7,36.4
Central,2002,8,35.1
Central,2002,9,32.6
Central,2002,10,28.1
Central,2002,11,19.7
Central,2002,12,15.2
Central,2003,1,13.6
Central,2003,2,18.3
Central,2003,3,21.3
Central,2003,4,27.1
Central,2003,5,32.7
Central,2003,6,35.3
Central,2003,7,35.5
Central,2003,8,36.5
Central,2003,9,31.5
Central,2003,10,27.5
Central,2003,11,20.3
Central,2003,12,15.2
Central,2004,1,15.2
Central,2004,2,16.5
Central,2004,3,22.2
Central,2004,4,25.0
Central,2004,5,31.6
Central,2004,6,34.4
Central,2004,7,35.8
Central,2004,8,35.7
Central,2004,9,31.9
Central,2004,10,27.9
Central,2004,11,22.0
Central,2004,12,13.4
Central,2005,1,13.4
Central,2005,2,16.3
Central,2005,3,20.6
Central,2005,4,27.4
Central,2005,5,31.9
Central,2005,6,34.7
Central,2005,7,36.1
Central,2005,8,35.6
Central,2005,9,32.0
Central,2005,10,26.8
Central,2005,11,21.4
Central,2005,12,17.3
Central,2006,1,14.3
Central,2006,2,17.5
Central,2006,3,21.8
Central,2006,4,26.1
Central,2006,5,33.2
Central,2006,6,35.2
Central,2006,7,35.7
Central,2006,8,36.4
Central,2006,9,31.8
Central,2006,10,28.2
Central,2006,11,19.8
Central,2006,12,11.0
Central,2007,1,11.4
Central,2007,2,17.1
Central,2007,3,21.8
Central,2007,4,27.1
Central,2007,5,33.0
Central,2007,6,34.7
Central,2007,7,35.2
Central,2007,8,35.9
Central,2007,9,32.9
Central,2007,10,27.3
Central,2007,11,21.1
Central,2007,12,15.9
Central,2008,1,12.2
Central,2008,2,14.5
Central,2008,3,23.3
Central,2008,4,27.4
Central,2008,5,32.8
Central,2008,6,33.9
Central,2008,7,36.1
Central,2008,8,35.9
Central,2008,9,33.5
Central,2008,10,27.0
Central,2008,11,18.9
Central,2008,12,13.3
Central,2009,1,13.3
Central,2009,2,18.8
Central,2009,3,20.7
Central,2009,4,26.0
Central,2009,5,33.0
Central,2009,6,35.4
Central,2009,7,35.3
Central,2009,8,36.0
Central,2009,9,33.2
Central,2009,10,27.2
Central,2009,11,21.8
Central,2009,12,15.7
Central,2010,1,15.5
Central,2010,2,19.8
Central,2010,3,23.7
Central,2010,4,27.9
Central,2010,5,32.0
Central,2010,6,35.8
Central,2010,7,36.7
Central,2010,8,37.0
Central,2010,9,33.1
Central,2010,10,28.2
Central,2010,11,19.3
Central,2010,12,15.4
Central,2011,1,14.0
Central,2011,2,17.5
Central,2011,3,19.9
Central,2011,4,26.7
Central,2011,5,33.1
Central,2011,6,35.1
Central,2011,7,36.2
Central,2011,8,36.1
Central,2011,9,33.1
Central,2011,10,27.0
Central,2011,11,18.7
Central,2011,12,12.1
Central,2012,1,14.4
Central,2012,2,16.2
Central,2012,3,19.2
Central,2012,4,25.8
Central,2012,5,33.9
Central,2012,6,35.0
Central,2012,7,37.1
Central,2012,8,36.1
Central,2012,9,32.3
Central,2012,10,27.9
Central,2012,11,20.8
Central,2012,12,15.3
Central,2013,1,15.5
Central,2013,2,17.5
Central,2013,3,21.8
Central,2013,4,26.1
Central,2013,5,29.0
Central,2013,6,33.5
Central,2013,7,35.9
Central,2013,8,35.2
Central,2013,9,32.3
Central,2013,10,26.2
Central,2013,11,19.9
Central,2013,12,13.9
Central,2014,1,13.3
Central,2014,2,15.5
Central,2014,3,22.3
Central,2014,4,28.3
Central,2014,5,32.3
Central,2014,6,34.1
Central,2014,7,35.6
Central,2014,8,35.7
Central,2014,9,32.7
Central,2014,10,28.4
Central,2014,11,19.7
Central,2014,12,15.7
Central,2015,1,14.2
Central,2015,2,19.2
Central,2015,3,21.6
Central,2015,4,27.5
Central,2015,5,33.3
Central,2015,6,34.9
Central,2015,7,36.5
Central,2015,8,36.7
Central,2015,9,33.2
Central,2015,10,29.6
Central,2015,11,20.7
Central,2015,12,14.0
Central,2016,1,14.2
Central,2016,2,16.7
Central,2016,3,22.3
Central,2016,4,25.3
Central,2016,5,32.5
Central,2016,6,34.9
Central,2016,7,36.7
Central,2016,8,36.7
Central,2016,9,33.2
Central,2016,10,26.4
Central,2016,11,20.1
Central,2016,12,16.4
Central,2017,1,16.2
Central,2017,2,13.2
Central,2017,3,21.0
Central,2017,4,28.7
Central,2017,5,33.5
Central,2017,6,35.3
Central,2017,7,38.1
Central,2017,8,37.3
Central,2017,9,33.3
Central,2017,10,28.7
Central,2017,11,21.0
Central,2017,12,14.5
Central,2018,1,14.2
Central,2018,2,19.1
Central,2018,3,24.3
Central,2018,4,26.4
Central,2018,5,31.7
Central,2018,6,35.9
Central,2018,7,36.7
Central,2018,8,35.8
Central,2018,9,34.7
Central,2018,10,27.7
Central,2018,11,20.1
Central,2018,12,17.1
Central,2019,1,17.2
Central,2019,2,16.9
Central,2019,3,19.7
Central,2019,4,25.0
Central,2019,5,32.0
Central,2019,6,36.6
Central,2019,7,36.7
Central,2019,8,36.1
Central,2019,9,34.3
Central,2019,10,29.8
Central,2019,11,20.3
Central,2019,12,16.2
Central,2020,1,13.5
Central,2020,2,17.8
Central,2020,3,21.9
Central,2020,4,27.2
Central,2020,5,32.3
Central,2020,6,35.8
Central,2020,7,37.9
Central,2020,8,35.8
Central,2020,9,33.5
Central,2020,10,26.2
Central,2020,11,22.0
Central,2020,12,15.8
Central,2021,1,15.2
Central,2021,2,17.2
Central,2021,3,24.3
Central,2021,4,28.2
Central,2021,5,33.7
Central,2021,6,35.9
Central,2021,7,37.8
Central,2021,8,36.8
Central,2021,9,32.5
Central,2021,10,29.1
Central,2021,11,22.3
Central,2021,12,16.7
Central,2022,1,14.0
Central,2022,2,17.5
Central,2022,3,22.5
Central,2022,4,28.6
Central,2022,5,31.8
Central,2022,6,36.3
Central,2022,7,36.6
Central,2022,8,37.0
Central,2022,9,33.4
Central,2022,10,28.3
Central,2022,11,23.6
Central,2022,12,16.4
Central,2023,1,12.9
Central,2023,2,17.7
Central,2023,3,22.3
Central,2023,4,24.0
Central,2023,5,32.3
Central,2023,6,35.6
Central,2023,7,37.6
Central,2023,8,37.5
Central,2023,9,34.7
Central,2023,10,29.2
Central,2023,11,22.6
Central,2023,12,17.7
Central,2024,1,17.4
Central,2024,2,17.3
Central,2024,3,21.0
Central,2024,4,25.6
Central,2024,5,31.8
Central,2024,6,37.2
Central,2024,7,37.5
Central,2024,8,37.3
Central,2024,9,33.9
Central,2024,10,28.4
Central,2024,11,23.6
Central,2024,12,17.6
Central,2025,1,14.6
Central,2025,2,16.2
Central,2025,3,22.1
Central,2025,4,31.0
Central,2025,5,35.0
Central,2025,6,36.9
Central,2025,7,38.0
Central,2025,8,38.1
Central,2025,9,35.5
Central,2025,10,28.8
Central,2025,11,22.5
Central,2025,12,17.3
Central,2026,1,17.8
Eastern,2000,1,16.4
Eastern,2000,2,16.5
Eastern,2000,3,19.4
Eastern,2000,4,26.7
Eastern,2000,5,30.9
Eastern,2000,6,32.6
Eastern,2000,7,34.3
Eastern,2000,8,34.9
Eastern,2000,9,31.5
Eastern,2000,10,28.7
Eastern,2000,11,21.7
Eastern,2000,12,18.3
Eastern,2001,1,15.0
Eastern,2001,2,16.8
Eastern,2001,3,21.1
Eastern,2001,4,26.0
Eastern,2001,5,30.8
Eastern,2001,6,32.7
Eastern,2001,7,34.4
Eastern,2001,8,34.5
Eastern,2001,9,32.2
Eastern,2001,10,29.1
Eastern,2001,11,23.1
Eastern,2001,12,21.3
Eastern,2002,1,15.9
Eastern,2002,2,17.6
Eastern,2002,3,21.5
Eastern,2002,4,25.1
Eastern,2002,5,30.8
Eastern,2002,6,33.0
Eastern,2002,7,35.2
Eastern,2002,8,34.3
Eastern,2002,9,31.9
Eastern,2002,10,29.2
Eastern,2002,11,22.9
Eastern,2002,12,18.6
Eastern,2003,1,15.9
Eastern,2003,2,18.2
Eastern,2003,3,20.3
Eastern,2003,4,25.5
Eastern,2003,5,29.9
Eastern,2003,6,33.7
Eastern,2003,7,34.6
Eastern,2003,8,34.4
Eastern,2003,9,31.3
Eastern,2003,10,29.2
Eastern,2003,11,23.0
Eastern,2003,12,18.3
Eastern,2004,1,18.2
Eastern,2004,2,18.2
Eastern,2004,3,21.6
Eastern,2004,4,24.7
Eastern,2004,5,30.3
Eastern,2004,6,33.1
Eastern,2004,7,34.5
Eastern,2004,8,34.5
Eastern,2004,9,31.1
Eastern,2004,10,29.0
Eastern,2004,11,25.1
Eastern,2004,12,16.4
Eastern,2005,1,15.1
Eastern,2005,2,16.4
Eastern,2005,3,20.7
Eastern,2005,4,25.0
Eastern,2005,5,29.5
Eastern,2005,6,33.6
Eastern,2005,7,34.1
Eastern,2005,8,34.6
Eastern,2005,9,32.0
Eastern,2005,10,28.2
Eastern,2005,11,23.5
Eastern,2005,12,19.5
Eastern,2006,1,17.0
Eastern,2006,2,18.2
Eastern,2006,3,21.4
Eastern,2006,4,25.4
Eastern,2006,5,31.6
Eastern,2006,6,33.4
Eastern,2006,7,35.1
Eastern,2006,8,34.0
Eastern,2006,9,31.7
Eastern,2006,10,29.8
Eastern,2006,11,23.4
Eastern,2006,12,14.5
Eastern,2007,1,14.5
Eastern,2007,2,17.4
Eastern,2007,3,20.7
Eastern,2007,4,25.9
Eastern,2007,5,30.7
Eastern,2007,6,33.6
Eastern,2007,7,34.7
Eastern,2007,8,34.7
Eastern,2007,9,32.6
Eastern,2007,10,29.1
Eastern,2007,11,24.0
Eastern,2007,12,18.8
Eastern,2008,1,14.3
Eastern,2008,2,16.2
Eastern,2008,3,22.3
Eastern,2008,4,25.6
Eastern,2008,5,30.6
Eastern,2008,6,33.6
Eastern,2008,7,34.7
Eastern,2008,8,34.3
Eastern,2008,9,32.9
Eastern,2008,10,28.5
Eastern,2008,11,22.6
Eastern,2008,12,17.0
Eastern,2009,1,14.8
Eastern,2009,2,18.5
Eastern,2009,3,20.0
Eastern,2009,4,24.7
Eastern,2009,5,30.9
Eastern,2009,6,33.5
Eastern,2009,7,35.0
Eastern,2009,8,34.5
Eastern,2009,9,32.6
Eastern,2009,10,28.5
Eastern,2009,11,24.6
Eastern,2009,12,18.6
Eastern,2010,1,17.6
Eastern,2010,2,19.4
Eastern,2010,3,22.7
Eastern,2010,4,26.6
Eastern,2010,5,30.3
Eastern,2010,6,33.8
Eastern,2010,7,35.3
Eastern,2010,8,34.8
Eastern,2010,9,33.2
Eastern,2010,10,29.7
Eastern,2010,11,23.4
Eastern,2010,12,18.6
Eastern,2011,1,16.4
Eastern,2011,2,17.4
Eastern,2011,3,20.5
Eastern,2011,4,25.2
Eastern,2011,5,31.1
Eastern,2011,6,34.1
Eastern,2011,7,34.3
Eastern,2011,8,34.7
Eastern,2011,9,32.6
Eastern,2011,10,28.2
Eastern,2011,11,21.4
Eastern,2011,12,15.5
Eastern,2012,1,16.0
Eastern,2012,2,16.9
Eastern,2012,3,18.9
Eastern,2012,4,25.1
Eastern,2012,5,31.7
Eastern,2012,6,33.4
Eastern,2012,7,34.8
Eastern,2012,8,34.5
Eastern,2012,9,32.1
Eastern,2012,10,29.3
Eastern,2012,11,23.5
Eastern,2012,12,18.8
Eastern,2013,1,17.2
Eastern,2013,2,18.1
Eastern,2013,3,21.4
Eastern,2013,4,25.6
Eastern,2013,5,29.3
Eastern,2013,6,33.1
Eastern,2013,7,34.3
Eastern,2013,8,33.8
Eastern,2013,9,32.2
Eastern,2013,10,27.1
Eastern,2013,11,22.7
Eastern,2013,12,17.4
Eastern,2014,1,15.4
Eastern,2014,2,16.7
Eastern,2014,3,21.8
Eastern,2014,4,26.1
Eastern,2014,5,31.1
Eastern,2014,6,33.4
Eastern,2014,7,35.2
Eastern,2014,8,34.5
Eastern,2014,9,32.7
Eastern,2014,10,29.7
Eastern,2014,11,23.0
Eastern,2014,12,18.5
Eastern,2015,1,16.2
Eastern,2015,2,18.7
Eastern,2015,3,21.1
Eastern,2015,4,25.9
Eastern,2015,5,31.1
Eastern,2015,6,33.6
Eastern,2015,7,34.9
Eastern,2015,8,35.0
Eastern,2015,9,33.1
Eastern,2015,10,30.4
Eastern,2015,11,23.6
Eastern,2015,12,17.4
Eastern,2016,1,15.9
Eastern,2016,2,17.9
Eastern,2016,3,21.7
Eastern,2016,4,25.2
Eastern,2016,5,31.0
Eastern,2016,6,33.5
Eastern,2016,7,35.3
Eastern,2016,8,35.2
Eastern,2016,9,32.8
Eastern,2016,10,27.9
Eastern,2016,11,23.1
Eastern,2016,12,18.7
Eastern,2017,1,16.5
Eastern,2017,2,14.7
Eastern,2017,3,20.2
Eastern,2017,4,27.3
Eastern,2017,5,32.8
Eastern,2017,6,34.4
Eastern,2017,7,36.5
Eastern,2017,8,35.9
Eastern,2017,9,33.3
Eastern,2017,10,29.4
Eastern,2017,11,23.9
Eastern,2017,12,17.2
Eastern,2018,1,16.1
Eastern,2018,2,18.6
Eastern,2018,3,23.4
Eastern,2018,4,26.4
Eastern,2018,5,30.9
Eastern,2018,6,35.7
Eastern,2018,7,36.3
Eastern,2018,8,35.4
Eastern,2018,9,33.5
Eastern,2018,10,29.2
Eastern,2018,11,22.8
Eastern,2018,12,18.8
Eastern,2019,1,18.1
Eastern,2019,2,17.4
Eastern,2019,3,19.5
Eastern,2019,4,25.1
Eastern,2019,5,31.4
Eastern,2019,6,35.9
Eastern,2019,7,36.0
Eastern,2019,8,35.7
Eastern,2019,9,33.6
Eastern,2019,10,31.1
Eastern,2019,11,23.1
Eastern,2019,12,18.4
Eastern,2020,1,15.7
Eastern,2020,2,17.8
Eastern,2020,3,21.3
Eastern,2020,4,26.7
Eastern,2020,5,30.5
Eastern,2020,6,34.9
Eastern,2020,7,36.6
Eastern,2020,8,35.5
Eastern,2020,9,33.3
Eastern,2020,10,27.9
Eastern,2020,11,24.2
Eastern,2020,12,18.6
Eastern,2021,1,16.8
Eastern,2021,2,18.3
Eastern,2021,3,22.6
Eastern,2021,4,27.3
Eastern,2021,5,32.7
Eastern,2021,6,35.0
Eastern,2021,7,36.5
Eastern,2021,8,36.0
Eastern,2021,9,32.8
Eastern,2021,10,29.2
Eastern,2021,11,23.9
Eastern,2021,12,19.0
Eastern,2022,1,15.4
Eastern,2022,2,17.9
Eastern,2022,3,21.4
Eastern,2022,4,26.5
Eastern,2022,5,30.5
Eastern,2022,6,34.7
Eastern,2022,7,35.3
Eastern,2022,8,36.0
Eastern,2022,9,33.3
Eastern,2022,10,29.1
Eastern,2022,11,25.7
Eastern,2022,12,19.6
Eastern,2023,1,15.4
Eastern,2023,2,18.3
Eastern,2023,3,22.2
Eastern,2023,4,25.3
Eastern,2023,5,31.2
Eastern,2023,6,34.8
Eastern,2023,7,36.3
Eastern,2023,8,36.3
Eastern,2023,9,34.0
Eastern,2023,10,30.4
Eastern,2023,11,23.7
Eastern,2023,12,19.9
Eastern,2024,1,18.7
Eastern,2024,2,18.1
Eastern,2024,3,21.1
Eastern,2024,4,26.2
Eastern,2024,5,31.2
Eastern,2024,6,35.7
Eastern,2024,7,37.5
Eastern,2024,8,36.0
Eastern,2024,9,33.3
Eastern,2024,10,28.9
Eastern,2024,11,24.6
Eastern,2024,12,17.9
Eastern,2025,1,16.1
Eastern,2025,2,16.8
Eastern,2025,3,21.2
Eastern,2025,4,29.2
Eastern,2025,5,33.8
Eastern,2025,6,36.2
Eastern,2025,7,37.6
Eastern,2025,8,36.7
Eastern,2025,9,34.2
Eastern,2025,10,28.9
Eastern,2025,11,23.6
Eastern,2025,12,19.5
Eastern,2026,1,15.9
Southern,2000,1,14.2
Southern,2000,2,15.8
Southern,2000,3,17.2
Southern,2000,4,19.2
Southern,2000,5,20.5
Southern,2000,6,21.7
Southern,2000,7,21.3
Southern,2000,8,20.1
Southern,2000,9,18.9
Southern,2000,10,16.9
Southern,2000,11,15.0
Southern,2000,12,13.9
Southern,2001,1,12.5
Southern,2001,2,14.8
Southern,2001,3,16.9
Southern,2001,4,19.4
Southern,2001,5,21.1
Southern,2001,6,23.1
Southern,2001,7,21.8
Southern,2001,8,19.9
Southern,2001,9,19.2
Southern,2001,10,17.3
Southern,2001,11,15.0
Southern,2001,12,14.9
Southern,2002,1,13.2
Southern,2002,2,15.5
Southern,2002,3,17.3
Southern,2002,4,18.0
Southern,2002,5,21.8
Southern,2002,6,22.4
Southern,2002,7,21.7
Southern,2002,8,20.6
Southern,2002,9,19.5
Southern,2002,10,16.9
Southern,2002,11,15.5
Southern,2002,12,14.0
Southern,2003,1,13.8
Southern,2003,2,16.4
Southern,2003,3,17.5
Southern,2003,4,19.0
Southern,2003,5,21.1
Southern,2003,6,21.8
Southern,2003,7,22.0
Southern,2003,8,20.0
Southern,2003,9,19.4
Southern,2003,10,17.4
Southern,2003,11,16.1
Southern,2003,12,14.4
Southern,2004,1,14.4
Southern,2004,2,15.0
Southern,2004,3,17.1
Southern,2004,4,18.2
Southern,2004,5,21.9
Southern,2004,6,21.8
Southern,2004,7,20.9
Southern,2004,8,20.7
Southern,2004,9,19.3
Southern,2004,10,17.0
Southern,2004,11,15.9
Southern,2004,12,13.8
Southern,2005,1,13.2
Southern,2005,2,15.9
Southern,2005,3,17.2
Southern,2005,4,19.0
Southern,2005,5,20.1
Southern,2005,6,21.5
Southern,2005,7,21.5
Southern,2005,8,20.9
Southern,2005,9,19.6
Southern,2005,10,17.5
Southern,2005,11,15.4
Southern,2005,12,14.6
Southern,2006,1,14.6
Southern,2006,2,15.8
Southern,2006,3,16.5
Southern,2006,4,18.1
Southern,2006,5,19.8
Southern,2006,6,22.3
Southern,2006,7,22.2
Southern,2006,8,20.6
Southern,2006,9,19.4
Southern,2006,10,17.7
Southern,2006,11,15.5
Southern,2006,12,14.2
Southern,2007,1,13.6
Southern,2007,2,15.5
Southern,2007,3,17.8
Southern,2007,4,18.6
Southern,2007,5,21.0
Southern,2007,6,21.7
Southern,2007,7,20.7
Southern,2007,8,20.5
Southern,2007,9,19.7
Southern,2007,10,17.3
Southern,2007,11,15.6
Southern,2007,12,14.3
Southern,2008,1,14.0
Southern,2008,2,14.9
Southern,2008,3,17.8
Southern,2008,4,19.5
Southern,2008,5,20.3
Southern,2008,6,21.0
Southern,2008,7,22.6
Southern,2008,8,21.5
Southern,2008,9,19.8
Southern,2008,10,16.9
Southern,2008,11,14.9
Southern,2008,12,13.7
Southern,2009,1,13.3
Southern,2009,2,16.2
Southern,2009,3,17.3
Southern,2009,4,19.2
Southern,2009,5,21.1
Southern,2009,6,22.3
Southern,2009,7,22.0
Southern,2009,8,21.4
Southern,2009,9,20.0
Southern,2009,10,17.5
Southern,2009,11,16.1
Southern,2009,12,14.4
Southern,2010,1,14.3
Southern,2010,2,15.2
Southern,2010,3,17.7
Southern,2010,4,19.8
Southern,2010,5,20.9
Southern,2010,6,22.8
Southern,2010,7,21.3
Southern,2010,8,20.6
Southern,2010,9,19.4
Southern,2010,10,18.0
Southern,2010,11,15.3
Southern,2010,12,14.0
Southern,2011,1,13.7
Southern,2011,2,15.7
Southern,2011,3,16.5
Southern,2011,4,19.7
Southern,2011,5,20.0
Southern,2011,6,21.6
Southern,2011,7,22.7
Southern,2011,8,20.9
Southern,2011,9,20.0
Southern,2011,10,18.0
Southern,2011,11,15.6
Southern,2011,12,14.4
Southern,2012,1,14.4
Southern,2012,2,16.0
Southern,2012,3,17.3
Southern,2012,4,17.5
Southern,2012,5,20.9
Southern,2012,6,23.1
Southern,2012,7,22.9
Southern,2012,8,21.0
Southern,2012,9,20.6
Southern,2012,10,17.8
Southern,2012,11,15.9
Southern,2012,12,15.0
Southern,2013,1,14.9
Southern,2013,2,16.1
Southern,2013,3,17.6
Southern,2013,4,18.7
Southern,2013,5,20.9
Southern,2013,6,23.1
Southern,2013,7,21.7
Southern,2013,8,19.6
Southern,2013,9,19.8
Southern,2013,10,17.5
Southern,2013,11,15.4
Southern,2013,12,13.8
Southern,2014,1,14.0
Southern,2014,2,14.7
Southern,2014,3,17.2
Southern,2014,4,19.7
Southern,2014,5,19.9
Southern,2014,6,22.2
Southern,2014,7,23.0
Southern,2014,8,20.6
Southern,2014,9,19.3
Southern,2014,10,16.9
Southern,2014,11,15.3
Southern,2014,12,14.2
Southern,2015,1,14.0
Southern,2015,2,16.4
Southern,2015,3,18.1
Southern,2015,4,19.9
Southern,2015,5,20.7
Southern,2015,6,22.1
Southern,2015,7,23.6
Southern,2015,8,21.2
Southern,2015,9,20.0
Southern,2015,10,18.3
Southern,2015,11,15.9
Southern,2015,12,14.2
Southern,2016,1,13.7
Southern,2016,2,15.4
Southern,2016,3,19.3
Southern,2016,4,17.2
Southern,2016,5,20.6
Southern,2016,6,23.1
Southern,2016,7,22.1
Southern,2016,8,20.2
Southern,2016,9,19.8
Southern,2016,10,17.9
Southern,2016,11,16.1
Southern,2016,12,15.4
Southern,2017,1,13.4
Southern,2017,2,12.0
Southern,2017,3,14.0
Southern,2017,4,17.7
Southern,2017,5,19.1
Southern,2017,6,22.5
Southern,2017,7,23.0
Southern,2017,8,20.7
Southern,2017,9,20.7
Southern,2017,10,17.9
Southern,2017,11,14.6
Southern,2017,12,12.5
Southern,2018,1,11.5
Southern,2018,2,13.5
Southern,2018,3,15.1
Southern,2018,4,15.5
Southern,2018,5,20.0
Southern,2018,6,22.3
Southern,2018,7,21.5
Southern,2018,8,20.7
Southern,2018,9,20.7
Southern,2018,10,16.6
Southern,2018,11,14.3
Southern,2018,12,13.3
Southern,2019,1,14.1
Southern,2019,2,13.7
Southern,2019,3,14.3
Southern,2019,4,16.5
Southern,2019,5,18.2
Southern,2019,6,22.6
Southern,2019,7,23.0
Southern,2019,8,20.1
Southern,2019,9,21.2
Southern,2019,10,17.1
Southern,2019,11,14.4
Southern,2019,12,12.6
Southern,2020,1,10.9
Southern,2020,2,13.9
Southern,2020,3,14.5
Southern,2020,4,16.4
Southern,2020,5,19.3
Southern,2020,6,22.7
Southern,2020,7,21.6
Southern,2020,8,20.6
Southern,2020,9,20.8
Southern,2020,10,17.3
Southern,2020,11,15.0
Southern,2020,12,13.1
Southern,2021,1,12.5
Southern,2021,2,12.7
Southern,2021,3,17.0
Southern,2021,4,17.3
Southern,2021,5,20.4
Southern,2021,6,23.2
Southern,2021,7,21.2
Southern,2021,8,21.8
Southern,2021,9,20.9
Southern,2021,10,18.0
Southern,2021,11,14.9
Southern,2021,12,13.4
Southern,2022,1,11.8
Southern,2022,2,13.9
Southern,2022,3,16.2
Southern,2022,4,18.2
Southern,2022,5,20.9
Southern,2022,6,22.8
Southern,2022,7,20.5
Southern,2022,8,19.8
Southern,2022,9,20.8
Southern,2022,10,17.4
Southern,2022,11,14.9
Southern,2022,12,11.7
Southern,2023,1,12.0
Southern,2023,2,14.3
Southern,2023,3,13.3
Southern,2023,4,15.5
Southern,2023,5,18.2
Southern,2023,6,21.7
Southern,2023,7,23.5
Southern,2023,8,21.7
Southern,2023,9,21.9
Southern,2023,10,17.8
Southern,2023,11,15.5
Southern,2023,12,13.1
Southern,2024,1,12.6
Southern,2024,2,13.5
Southern,2024,3,15.3
Southern,2024,4,16.3
Southern,2024,5,19.8
Southern,2024,6,23.3
Southern,2024,7,22.1
Southern,2024,8,19.8
Southern,2024,9,21.2
Southern,2024,10,18.2
Southern,2024,11,15.2
Southern,2024,12,13.5
Southern,2025,1,12.4
Southern,2025,2,14.6
Southern,2025,3,14.7
Southern,2025,4,18.5
Southern,2025,5,21.3
Southern,2025,6,23.0
Southern,2025,7,22.9
Southern,2025,8,20.9
Southern,2025,9,21.0
Southern,2025,10,17.2
Southern,2025,11,14.1
Southern,2025,12,12.3
Southern,2026,1,13.1
Northern,2000,1,9.3
Northern,2000,2,11.1
Northern,2000,3,14.7
Northern,2000,4,22.8
Northern,2000,5,25.7
Northern,2000,6,29.4
Northern,2000,7,32.6
Northern,2000,8,30.7
Northern,2000,9,27.5
Northern,2000,10,20.8
Northern,2000,11,14.8
Northern,2000,12,11.1
Northern,2001,1,10.3
Northern,2001,2,11.6
Northern,2001,3,19.0
Northern,2001,4,22.3
Northern,2001,5,25.6
Northern,2001,6,29.3
Northern,2001,7,30.4
Northern,2001,8,31.7
Northern,2001,9,27.3
Northern,2001,10,22.5
Northern,2001,11,16.1
Northern,2001,12,11.8
Northern,2002,1,8.5
Northern,2002,2,13.7
Northern,2002,3,17.3
Northern,2002,4,21.3
Northern,2002,5,24.7
Northern,2002,6,28.6
Northern,2002,7,30.5
Northern,2002,8,30.3
Northern,2002,9,27.8
Northern,2002,10,24.2
Northern,2002,11,17.2
Northern,2002,12,11.1
Northern,2003,1,12.2
Northern,2003,2,11.5
Northern,2003,3,14.3
Northern,2003,4,21.5
Northern,2003,5,27.3
Northern,2003,6,28.5
Northern,2003,7,29.8
Northern,2003,8,31.6
Northern,2003,9,27.6
Northern,2003,10,23.8
Northern,2003,11,17.4
Northern,2003,12,12.4
Northern,2004,1,10.7
Northern,2004,2,12.4
Northern,2004,3,18.0
Northern,2004,4,21.2
Northern,2004,5,26.3
Northern,2004,6,28.2
Northern,2004,7,30.8
Northern,2004,8,29.6
Northern,2004,9,28.2
Northern,2004,10,24.4
Northern,2004,11,16.7
Northern,2004,12,10.0
Northern,2005,1,9.7
Northern,2005,2,12.8
Northern,2005,3,17.5
Northern,2005,4,22.2
Northern,2005,5,24.5
Northern,2005,6,28.5
Northern,2005,7,30.5
Northern,2005,8,31.3
Northern,2005,9,27.6
Northern,2005,10,22.8
Northern,2005,11,15.7
Northern,2005,12,14.0
Northern,2006,1,11.0
Northern,2006,2,13.1
Northern,2006,3,16.9
Northern,2006,4,20.6
Northern,2006,5,25.7
Northern,2006,6,30.1
Northern,2006,7,29.2
Northern,2006,8,31.0
Northern,2006,9,29.0
Northern,2006,10,22.9
Northern,2006,11,15.0
Northern,2006,12,8.2
Northern,2007,1,8.8
Northern,2007,2,12.6
Northern,2007,3,15.9
Northern,2007,4,20.9
Northern,2007,5,26.6
Northern,2007,6,29.1
Northern,2007,7,29.4
Northern,2007,8,30.4
Northern,2007,9,27.6
Northern,2007,10,24.3
Northern,2007,11,16.7
Northern,2007,12,11.1
Northern,2008,1,7.7
Northern,2008,2,11.1
Northern,2008,3,19.6
Northern,2008,4,23.1
Northern,2008,5,25.4
Northern,2008,6,29.1
Northern,2008,7,30.2
Northern,2008,8,30.5
Northern,2008,9,28.6
Northern,2008,10,22.2
Northern,2008,11,16.6
Northern,2008,12,11.6
Northern,2009,1,10.2
Northern,2009,2,13.5
Northern,2009,3,15.5
Northern,2009,4,22.0
Northern,2009,5,24.4
Northern,2009,6,29.4
Northern,2009,7,30.0
Northern,2009,8,30.6
Northern,2009,9,26.9
Northern,2009,10,23.5
Northern,2009,11,16.0
Northern,2009,12,12.4
Northern,2010,1,13.3
Northern,2010,2,15.6
Northern,2010,3,19.3
Northern,2010,4,22.7
Northern,2010,5,26.3
Northern,2010,6,29.6
Northern,2010,7,31.8
Northern,2010,8,32.9
Northern,2010,9,29.1
Northern,2010,10,25.5
Northern,2010,11,19.8
Northern,2010,12,12.7
Northern,2011,1,10.4
Northern,2011,2,13.8
Northern,2011,3,15.5
Northern,2011,4,20.2
Northern,2011,5,24.9
Northern,2011,6,28.5
Northern,2011,7,31.4
Northern,2011,8,30.8
Northern,2011,9,27.1
Northern,2011,10,23.0
Northern,2011,11,13.3
Northern,2011,12,11.3
Northern,2012,1,9.1
Northern,2012,2,12.4
Northern,2012,3,14.6
Northern,2012,4,22.2
Northern,2012,5,26.5
Northern,2012,6,30.1
Northern,2012,7,31.7
Northern,2012,8,30.1
Northern,2012,9,28.7
Northern,2012,10,24.1
Northern,2012,11,17.9
Northern,2012,12,12.1
Northern,2013,1,11.7
Northern,2013,2,13.9
Northern,2013,3,18.9
Northern,2013,4,20.5
Northern,2013,5,25.9
Northern,2013,6,28.9
Northern,2013,7,31.0
Northern,2013,8,30.0
Northern,2013,9,27.8
Northern,2013,10,21.4
Northern,2013,11,17.8
Northern,2013,12,11.2
Northern,2014,1,11.5
Northern,2014,2,13.1
Northern,2014,3,18.0
Northern,2014,4,23.1
Northern,2014,5,25.6
Northern,2014,6,28.6
Northern,2014,7,30.1
Northern,2014,8,30.6
Northern,2014,9,27.4
Northern,2014,10,22.1
Northern,2014,11,16.4
Northern,2014,12,14.2
Northern,2015,1,10.7
Northern,2015,2,13.6
Northern,2015,3,18.5
Northern,2015,4,20.5
Northern,2015,5,26.4
Northern,2015,6,28.1
Northern,2015,7,30.7
Northern,2015,8,33.0
Northern,2015,9,29.3
Northern,2015,10,24.7
Northern,2015,11,17.1
Northern,2015,12,9.2
Northern,2016,1,9.4
Northern,2016,2,14.1
Northern,2016,3,18.7
Northern,2016,4,23.4
Northern,2016,5,26.3
Northern,2016,6,30.7
Northern,2016,7,31.1
Northern,2016,8,31.8
Northern,2016,9,28.2
Northern,2016,10,23.5
Northern,2016,11,17.2
Northern,2016,12,10.3
Northern,2017,1,10.9
Northern,2017,2,11.0
Northern,2017,3,17.2
Northern,2017,4,23.0
Northern,2017,5,27.2
Northern,2017,6,30.6
Northern,2017,7,33.7
Northern,2017,8,33.6
Northern,2017,9,30.0
Northern,2017,10,22.8
Northern,2017,11,17.1
Northern,2017,12,14.2
Northern,2018,1,10.8
Northern,2018,2,16.4
Northern,2018,3,21.6
Northern,2018,4,22.5
Northern,2018,5,27.8
Northern,2018,6,30.4
Northern,2018,7,31.4
Northern,2018,8,31.3
Northern,2018,9,31.4
Northern,2018,10,24.3
Northern,2018,11,16.9
Northern,2018,12,12.4
Northern,2019,1,11.4
Northern,2019,2,12.9
Northern,2019,3,15.3
Northern,2019,4,20.2
Northern,2019,5,28.4
Northern,2019,6,31.0
Northern,2019,7,31.4
Northern,2019,8,30.9
Northern,2019,9,29.8
Northern,2019,10,25.7
Northern,2019,11,18.1
Northern,2019,12,11.9
Northern,2020,1,9.3
Northern,2020,2,12.6
Northern,2020,3,17.0
Northern,2020,4,21.7
Northern,2020,5,26.9
Northern,2020,6,29.6
Northern,2020,7,33.0
Northern,2020,8,31.0
Northern,2020,9,31.8
Northern,2020,10,26.3
Northern,2020,11,17.4
Northern,2020,12,13.9
Northern,2021,1,12.8
Northern,2021,2,13.6
Northern,2021,3,18.8
Northern,2021,4,23.6
Northern,2021,5,28.8
Northern,2021,6,30.5
Northern,2021,7,32.2
Northern,2021,8,32.3
Northern,2021,9,29.6
Northern,2021,10,25.2
Northern,2021,11,18.4
Northern,2021,12,13.1
Northern,2022,1,9.9
Northern,2022,2,12.7
Northern,2022,3,15.7
Northern,2022,4,25.5
Northern,2022,5,27.3
Northern,2022,6,30.9
Northern,2022,7,31.5
Northern,2022,8,33.3
Northern,2022,9,29.7
Northern,2022,10,24.9
Northern,2022,11,18.0
Northern,2022,12,13.3
Northern,2023,1,11.9
Northern,2023,2,12.4
Northern,2023,3,18.0
Northern,2023,4,22.4
Northern,2023,5,25.9
Northern,2023,6,30.6
Northern,2023,7,33.0
Northern,2023,8,33.9
Northern,2023,9,30.8
Northern,2023,10,25.4
Northern,2023,11,20.4
Northern,2023,12,14.9
Northern,2024,1,12.7
Northern,2024,2,13.1
Northern,2024,3,17.8
Northern,2024,4,23.8
Northern,2024,5,26.8
Northern,2024,6,33.2
Northern,2024,7,32.2
Northern,2024,8,32.4
Northern,2024,9,29.4
Northern,2024,10,24.0
Northern,2024,11,16.7
Northern,2024,12,12.0
Northern,2025,1,11.9
Northern,2025,2,11.3
Northern,2025,3,18.4
Northern,2025,4,23.7
Northern,2025,5,27.3
Northern,2025,6,30.8
Northern,2025,7,31.8
Northern,2025,8,33.4
Northern,2025,9,29.4
Northern,2025,10,25.2
Northern,2025,11,20.5
Northern,2025,12,12.9
Northern,2026,1,15.5
