Timestamp,"In which region is your home located?
في أي منطقة يقع منزلك؟","What is your housing type?
ما نوع السكن؟","How many people live in your household?
كم عدد الأشخاص المقيمين في المنزل؟","What is your primary cooking fuel?
ما هو مصدر الطبخ الرئيسي؟","What type of air conditioning system do you use?
ما نوع نظام التكييف المستخدم في المنزل؟","Does your home have thermal insulation?
هل يحتوي منزلك على عزل حراري؟","For which month is this bill?
لأي شهر هذه الفاتورة؟","What is the year of this bill?
ما هي سنة هذه الفاتورة؟","What is the total electricity consumption (kWh)?
ما إجمالي استهلاك الكهرباء (كيلوواط ساعة)؟","What is the total bill cost (SAR)?
ما إجمالي قيمة الفاتورة (ريال سعودي)؟","For which month is this bill?
لأي شهر هذه الفاتورة؟","What is the year of this bill?
ما هي سنة هذه الفاتورة؟","What is the total electricity consumption (kWh)?
ما إجمالي استهلاك الكهرباء (كيلوواط ساعة)؟","What is the total bill cost (SAR)?
ما إجمالي قيمة الفاتورة (ريال سعودي)؟","For which month is this bill?
لأي شهر هذه الفاتورة؟","What is the year of this bill?
ما هي سنة هذه الفاتورة؟","What is the total electricity consumption (kWh)?
ما إجمالي استهلاك الكهرباء (كيلوواط ساعة)؟","What is the total bill cost (SAR)?
ما إجمالي قيمة الفاتورة (ريال سعودي)؟","For which month is this bill?
لأي شهر هذه الفاتورة؟","What is the year of this bill?
ما هي سنة هذه الفاتورة؟","What is the total electricity consumption (kWh)?
ما إجمالي استهلاك الكهرباء (كيلوواط ساعة)؟","What is the total bill cost (SAR)?
ما إجمالي قيمة الفاتورة (ريال سعودي)؟","For which month is this bill?
لأي شهر هذه الفاتورة؟","What is the year of this bill?
ما هي سنة هذه الفاتورة؟","What is the total electricity consumption (kWh)?
ما إجمالي استهلاك الكهرباء (كيلوواط ساعة)؟","What is the total bill cost (SAR)?
ما إجمالي قيمة الفاتورة (ريال سعودي)؟","For which month is this bill?
لأي شهر هذه الفاتورة؟","What is the year of this bill?
ما هي سنة هذه الفاتورة؟","What is the total electricity consumption (kWh)?
ما إجمالي استهلاك الكهرباء (كيلوواط ساعة)؟","What is the total bill cost (SAR)?
ما إجمالي قيمة الفاتورة (ريال سعودي)؟"
4/25/2026 17:02:55,Riyadh  |  الرياض,Villa | فيلا,10,Gas | غاز,Split | سبليت,Yes | نعم,March | مارس,2026,11628,2827,February | فبراير,;026,8761,2560,,,,,,,,,,,,,,,,
4/25/2026 17:09:07,Riyadh  |  الرياض,Villa | فيلا,9,Gas | غاز,Split | سبليت,Yes | نعم,March | مارس,2026,NA,1600,March | مارس,2026,600,700,,,,,,,,,,,,,,,,
4/25/2026 17:24:21,Riyadh  |  الرياض,Villa | فيلا,٨,Gas | غاز,Split | سبليت,Yes | نعم,April | أبريل,2026,ما اعرف,881,March | مارس,2026,ما ادري,881,March | مارس,2026,3706,784,March | مارس,2026,2928,623,,,,,,,,
4/25/2026 17:34:40,Riyadh  |  الرياض,Villa | فيلا,6,Electric | كهرباء,Split | سبليت,No | لا,March | مارس,2026,1766,383.51,February | فبراير,2026,1858,401.75,,,,,,,,,,,,,,,,
4/25/2026 19:10:26,Aseer | عسير,Villa | فيلا,7,Gas | غاز,Split | سبليت,Yes | نعم,March | مارس,2026,1500,1100,March | مارس,2026,100,600,,,,,,,,,,,,,,,,
4/25/2026 19:13:22,Riyadh  |  الرياض,Villa | فيلا,6,Gas | غاز,Split | سبليت,No | لا,March | مارس,2026,659,155,March | مارس,2026,659,155,,,,,,,,,,,,,,,,
4/25/2026 19:35:04,Riyadh  |  الرياض,Villa | فيلا,6,Gas | غاز,Split | سبليت,Yes | نعم,March | مارس,2026,1857,401,February | فبراير,2026,1560,340,January | يناير,2026,1625,353,December | ديسمبر,2025,1553,359,November | نوفمبر,2025,1397,306,November | نوفمبر,2025,2608,466
,,,,,,,,,,,,,,,,,,,,,,,,,,,,,,
4/25/2026 22:01:42,Qassim | القصيم,Villa | فيلا,6,Gas | غاز,Split | سبليت,Yes | نعم,April | أبريل,2026,894,300,April | أبريل,2026,30,200,March | مارس,2026,900,250,February | فبراير,2026,950,280,January | يناير,2026,985,290,December | ديسمبر,2026,1026,301
4/25/2026 22:12:30,Riyadh  |  الرياض,Villa | فيلا,8,Gas | غاز,Split | سبليت,Yes | نعم,April | أبريل,2026,2543,543.84,February | فبراير,2026,1430,280,December | ديسمبر,2025,3004,734.56,October | أكتوبر,2025,2316,550,August | أغسطس,2025,3210,689,June | يونيو,2025,2357,582
4/30/2026 20:35:47,Riyadh  |  الرياض,Villa | فيلا,9,Gas | غاز,Central | مركزي,Yes | نعم,April | أبريل,2026,2870,618,March | مارس,2026,2768,597,February | فبراير,2026,1825,402,January | يناير,2026,1374,308,December | ديسمبر,2025,1480,330,November | نوفمبر,2025,1516,337
4/30/2026 20:45:27,Riyadh  |  الرياض,Floor in Villa | دور في فيلا,4,Gas | غاز,Central | مركزي,Yes | نعم,April | أبريل,2026,1927,410,March | مارس,2026,1685,360,February | فبراير,2026,1367,294,January | يناير,2026,1257,271,December | ديسمبر,2025,1506,323,November | نوفمبر,2025,1605,343
4/30/2026 20:51:19,Riyadh  |  الرياض,Floor in Villa | دور في فيلا,4,Gas | غاز,Central | مركزي,Yes | نعم,October | أكتوبر,2025,2077,441,September | سبتمبر,2025,3264,687,September | سبتمبر,2025,3264,687,August | أغسطس,2025,2788,1176,July | يوليو,2025,2781,587,June | يونيو,2025,3201,674
4/30/2026 20:56:37,Riyadh  |  الرياض,Villa | فيلا,9,Gas | غاز,Central | مركزي,Yes | نعم,October | أكتوبر,2025,2453,532,September | سبتمبر,2025,4777,1012,August | أغسطس,2025,5266,1114,July | يوليو,2025,4750,1007,June | يونيو,2025,4605,977,May | مايو,2025,4308,926